TOWN_NAME,SEC_NAME,年份基準,婦女生育人口數佔比,三階段_幼年人口佔比,總人口數
中山區,下埤頭地區,2022,0.217,0.0995,44832
中山區,下埤頭地區,2023,0.2126,0.096,43870
中山區,下埤頭地區,2024,0.2081,0.0935,42931
中山區,下埤頭地區,2025,0.2033,0.0915,41981
中山區,下埤頭地區,2026,0.1969,0.0887,40993
中山區,下埤頭地區,2027,0.1921,0.0856,40084
中山區,下埤頭地區,2028,0.1856,0.0831,39282
中山區,下埤頭地區,2029,0.1788,0.0809,38492
中山區,下埤頭地區,2030,0.1724,0.0747,37581
中山區,下埤頭地區,2031,0.1625,0.0709,36723
中山區,下埤頭地區,2032,0.156,0.0674,35945
中山區,下埤頭地區,2033,0.1489,0.0645,35159
中山區,下埤頭地區,2034,0.1414,0.0609,34381
中山區,下埤頭地區,2035,0.1342,0.0584,33604
中山區,下埤頭地區,2036,0.1295,0.0547,32841
中山區,下埤頭地區,2037,0.1231,0.0522,32099
中山區,下埤頭地區,2038,0.1153,0.0474,31366
中山區,下埤頭地區,2039,0.1085,0.0457,30873
中山區,下埤頭地區,2040,0.1025,0.0414,30161
中山區,下埤頭地區,2041,0.096,0.0369,29479
中山區,圓山地區,2022,0.2194,0.102,28221
中山區,圓山地區,2023,0.2156,0.0999,27639
中山區,圓山地區,2024,0.2106,0.0966,27068
中山區,圓山地區,2025,0.2035,0.0963,26565
中山區,圓山地區,2026,0.1956,0.0941,26044
中山區,圓山地區,2027,0.192,0.089,25615
中山區,圓山地區,2028,0.1857,0.0857,25035
中山區,圓山地區,2029,0.1769,0.0824,24587
中山區,圓山地區,2030,0.1707,0.0762,24018
中山區,圓山地區,2031,0.1632,0.0715,23525
中山區,圓山地區,2032,0.1541,0.0685,23041
中山區,圓山地區,2033,0.1478,0.0623,22583
中山區,圓山地區,2034,0.1402,0.0593,22098
中山區,圓山地區,2035,0.1325,0.0563,21601
中山區,圓山地區,2036,0.1268,0.0504,21195
中山區,圓山地區,2037,0.1198,0.0501,20725
中山區,圓山地區,2038,0.112,0.0478,20291
中山區,圓山地區,2039,0.106,0.0422,19844
中山區,圓山地區,2040,0.0982,0.04,19442
中山區,圓山地區,2041,0.0903,0.0361,19009
中山區,大直地區,2022,0.2133,0.15,37414
中山區,大直地區,2023,0.2108,0.144,36563
中山區,大直地區,2024,0.2078,0.1378,35862
中山區,大直地區,2025,0.2054,0.1328,34950
中山區,大直地區,2026,0.2023,0.1253,34326
中山區,大直地區,2027,0.2017,0.1127,33402
中山區,大直地區,2028,0.193,0.1062,32785
中山區,大直地區,2029,0.1915,0.0977,32065
中山區,大直地區,2030,0.1859,0.0894,31384
中山區,大直地區,2031,0.1813,0.0816,30792
中山區,大直地區,2032,0.1806,0.0732,29983
中山區,大直地區,2033,0.1759,0.0618,29288
中山區,大直地區,2034,0.1735,0.0576,28724
中山區,大直地區,2035,0.1696,0.0531,28086
中山區,大直地區,2036,0.1651,0.0512,27652
中山區,大直地區,2037,0.1534,0.0506,27066
中山區,大直地區,2038,0.1513,0.0478,26327
中山區,大直地區,2039,0.1444,0.045,25796
中山區,大直地區,2040,0.1424,0.0426,25228
中山區,大直地區,2041,0.1369,0.042,24534
中山區,新庄地區,2022,0.2195,0.0885,23323
中山區,新庄地區,2023,0.2141,0.0866,22877
中山區,新庄地區,2024,0.2076,0.0852,22461
中山區,新庄地區,2025,0.2008,0.0844,21958
中山區,新庄地區,2026,0.1926,0.0842,21542
中山區,新庄地區,2027,0.1856,0.0837,21089
中山區,新庄地區,2028,0.179,0.0806,20650
中山區,新庄地區,2029,0.1721,0.0781,20239
中山區,新庄地區,2030,0.1646,0.0747,19845
中山區,新庄地區,2031,0.1582,0.0703,19427
中山區,新庄地區,2032,0.1498,0.0668,19050
中山區,新庄地區,2033,0.1429,0.0616,18620
中山區,新庄地區,2034,0.1364,0.0581,18272
中山區,新庄地區,2035,0.1291,0.0548,17892
中山區,新庄地區,2036,0.1234,0.0496,17493
中山區,新庄地區,2037,0.1151,0.0486,17072
中山區,新庄地區,2038,0.1076,0.0459,16693
中山區,新庄地區,2039,0.1025,0.0422,16311
中山區,新庄地區,2040,0.0952,0.0402,15973
中山區,新庄地區,2041,0.0886,0.0384,15637
中山區,朱厝崙地區,2022,0.2104,0.1088,22445
中山區,朱厝崙地區,2023,0.2063,0.1052,21995
中山區,朱厝崙地區,2024,0.2009,0.1026,21558
中山區,朱厝崙地區,2025,0.1968,0.1014,21087
中山區,朱厝崙地區,2026,0.1901,0.0993,20669
中山區,朱厝崙地區,2027,0.1855,0.096,20252
中山區,朱厝崙地區,2028,0.1807,0.0923,19800
中山區,朱厝崙地區,2029,0.1752,0.0876,19435
中山區,朱厝崙地區,2030,0.1699,0.0836,19040
中山區,朱厝崙地區,2031,0.1641,0.0759,18636
中山區,朱厝崙地區,2032,0.1571,0.0698,18286
中山區,朱厝崙地區,2033,0.1497,0.0667,17896
中山區,朱厝崙地區,2034,0.1433,0.0608,17463
中山區,朱厝崙地區,2035,0.1368,0.0566,17127
中山區,朱厝崙地區,2036,0.1319,0.053,16741
中山區,朱厝崙地區,2037,0.1266,0.0503,16427
中山區,朱厝崙地區,2038,0.1204,0.048,16085
中山區,朱厝崙地區,2039,0.1147,0.0453,15752
中山區,朱厝崙地區,2040,0.1072,0.0448,15480
中山區,朱厝崙地區,2041,0.0998,0.0411,15170
中山區,林森地區,2022,0.2138,0.0918,23408
中山區,林森地區,2023,0.2087,0.0899,22918
中山區,林森地區,2024,0.2046,0.0886,22435
中山區,林森地區,2025,0.1986,0.0877,21982
中山區,林森地區,2026,0.1906,0.0867,21554
中山區,林森地區,2027,0.1851,0.0855,21345
中山區,林森地區,2028,0.1785,0.0843,20927
中山區,林森地區,2029,0.1707,0.0822,20497
中山區,林森地區,2030,0.1639,0.0787,20069
中山區,林森地區,2031,0.1559,0.0757,19652
中山區,林森地區,2032,0.1478,0.0705,19386
中山區,林森地區,2033,0.1402,0.0664,18992
中山區,林森地區,2034,0.1324,0.0613,18621
中山區,林森地區,2035,0.1258,0.0555,18243
中山區,林森地區,2036,0.1193,0.051,17818
中山區,林森地區,2037,0.1128,0.0483,17457
中山區,林森地區,2038,0.1043,0.0448,17106
中山區,林森地區,2039,0.0983,0.0407,16746
中山區,林森地區,2040,0.0896,0.0375,16389
中山區,林森地區,2041,0.0832,0.0348,16056
中山區,長春地區,2022,0.2119,0.1189,29651
中山區,長春地區,2023,0.2083,0.1156,29093
中山區,長春地區,2024,0.2048,0.1122,28522
中山區,長春地區,2025,0.2001,0.1082,27917
中山區,長春地區,2026,0.1952,0.1015,27403
中山區,長春地區,2027,0.1934,0.0944,26883
中山區,長春地區,2028,0.1884,0.0886,26374
中山區,長春地區,2029,0.1823,0.0834,25843
中山區,長春地區,2030,0.1766,0.0785,25317
中山區,長春地區,2031,0.1714,0.0731,24805
中山區,長春地區,2032,0.1641,0.0687,24273
中山區,長春地區,2033,0.1577,0.0642,23766
中山區,長春地區,2034,0.1528,0.0597,23228
中山區,長春地區,2035,0.1465,0.0564,22749
中山區,長春地區,2036,0.141,0.0542,22286
中山區,長春地區,2037,0.1344,0.053,21799
中山區,長春地區,2038,0.1283,0.0501,21364
中山區,長春地區,2039,0.1226,0.0484,20925
中山區,長春地區,2040,0.1156,0.0455,20477
中山區,長春地區,2041,0.1092,0.0428,20034
中正區,公館地區,2022,0.2151,0.1203,12127
中正區,公館地區,2023,0.2112,0.1157,11945
中正區,公館地區,2024,0.2081,0.1123,11761
中正區,公館地區,2025,0.2041,0.1111,11526
中正區,公館地區,2026,0.1964,0.1085,11360
中正區,公館地區,2027,0.1912,0.1043,11160
中正區,公館地區,2028,0.185,0.0995,10992
中正區,公館地區,2029,0.1786,0.0946,10782
中正區,公館地區,2030,0.1737,0.0891,10590
中正區,公館地區,2031,0.1682,0.0846,10420
中正區,公館地區,2032,0.1635,0.0748,10217
中正區,公館地區,2033,0.1589,0.0673,10020
中正區,公館地區,2034,0.1517,0.0604,9849
中正區,公館地區,2035,0.1478,0.0554,9650
中正區,公館地區,2036,0.1406,0.0506,9506
中正區,公館地區,2037,0.1373,0.0508,9343
中正區,公館地區,2038,0.1294,0.0488,9213
中正區,公館地區,2039,0.1253,0.0455,9033
中正區,公館地區,2040,0.1202,0.0454,8930
中正區,公館地區,2041,0.1159,0.0389,8717
中正區,南門地區,2022,0.2189,0.2234,31750
中正區,南門地區,2023,0.2182,0.2156,31069
中正區,南門地區,2024,0.2186,0.2051,30471
中正區,南門地區,2025,0.2196,0.1915,29842
中正區,南門地區,2026,0.2199,0.171,29302
中正區,南門地區,2027,0.2211,0.1515,28689
中正區,南門地區,2028,0.2214,0.1349,28125
中正區,南門地區,2029,0.2198,0.1183,27612
中正區,南門地區,2030,0.2168,0.1042,27098
中正區,南門地區,2031,0.2142,0.092,26575
中正區,南門地區,2032,0.2094,0.0833,26102
中正區,南門地區,2033,0.2073,0.0753,25605
中正區,南門地區,2034,0.2034,0.0701,25078
中正區,南門地區,2035,0.1997,0.0667,24618
中正區,南門地區,2036,0.1977,0.0638,24140
中正區,南門地區,2037,0.1943,0.0638,23705
中正區,南門地區,2038,0.1901,0.0635,23261
中正區,南門地區,2039,0.1845,0.0636,22920
中正區,南門地區,2040,0.1822,0.0628,22466
中正區,南門地區,2041,0.1785,0.0631,22035
中正區,古亭地區,2022,0.2147,0.0944,27044
中正區,古亭地區,2023,0.2108,0.0925,26561
中正區,古亭地區,2024,0.2069,0.0905,26079
中正區,古亭地區,2025,0.2011,0.09,25550
中正區,古亭地區,2026,0.1944,0.0878,25036
中正區,古亭地區,2027,0.1888,0.0851,24573
中正區,古亭地區,2028,0.182,0.0824,24090
中正區,古亭地區,2029,0.1745,0.0803,23595
中正區,古亭地區,2030,0.1672,0.0758,23124
中正區,古亭地區,2031,0.16,0.0723,22663
中正區,古亭地區,2032,0.154,0.0679,22250
中正區,古亭地區,2033,0.1483,0.0619,21794
中正區,古亭地區,2034,0.1412,0.0576,21339
中正區,古亭地區,2035,0.134,0.0545,20924
中正區,古亭地區,2036,0.1287,0.0506,20496
中正區,古亭地區,2037,0.1215,0.0477,20102
中正區,古亭地區,2038,0.1138,0.0444,19698
中正區,古亭地區,2039,0.1075,0.0422,19312
中正區,古亭地區,2040,0.1003,0.0398,18908
中正區,古亭地區,2041,0.0937,0.0366,18530
中正區,城內地區,2022,0.2182,0.1729,9721
中正區,城內地區,2023,0.2146,0.1653,9598
中正區,城內地區,2024,0.2156,0.1542,9420
中正區,城內地區,2025,0.2138,0.1452,9307
中正區,城內地區,2026,0.2096,0.1325,9135
中正區,城內地區,2027,0.2095,0.1211,9040
中正區,城內地區,2028,0.208,0.1144,8869
中正區,城內地區,2029,0.203,0.1021,8748
中正區,城內地區,2030,0.2022,0.0951,8597
中正區,城內地區,2031,0.1935,0.0873,8484
中正區,城內地區,2032,0.1937,0.0783,8315
中正區,城內地區,2033,0.1902,0.0695,8229
中正區,城內地區,2034,0.1841,0.069,8101
中正區,城內地區,2035,0.1808,0.064,7911
中正區,城內地區,2036,0.1773,0.057,7790
中正區,城內地區,2037,0.1702,0.0573,7680
中正區,城內地區,2038,0.1631,0.0575,7568
中正區,城內地區,2039,0.1599,0.0557,7462
中正區,城內地區,2040,0.157,0.0593,7374
中正區,城內地區,2041,0.1513,0.0529,7245
中正區,崁頂地區,2022,0.22,0.147,27205
中正區,崁頂地區,2023,0.2165,0.1436,26674
中正區,崁頂地區,2024,0.2141,0.1385,26184
中正區,崁頂地區,2025,0.211,0.133,25694
中正區,崁頂地區,2026,0.206,0.125,25198
中正區,崁頂地區,2027,0.2036,0.1169,24715
中正區,崁頂地區,2028,0.1988,0.1112,24272
中正區,崁頂地區,2029,0.1924,0.1056,23999
中正區,崁頂地區,2030,0.1884,0.0965,23529
中正區,崁頂地區,2031,0.1836,0.0889,23101
中正區,崁頂地區,2032,0.1786,0.0794,22733
中正區,崁頂地區,2033,0.1735,0.0715,22313
中正區,崁頂地區,2034,0.1674,0.066,21908
中正區,崁頂地區,2035,0.1611,0.0635,21511
中正區,崁頂地區,2036,0.1573,0.0586,21068
中正區,崁頂地區,2037,0.1516,0.0585,20664
中正區,崁頂地區,2038,0.1462,0.056,20287
中正區,崁頂地區,2039,0.1415,0.0539,19897
中正區,崁頂地區,2040,0.1356,0.0527,19566
中正區,崁頂地區,2041,0.1311,0.0504,19301
中正區,東門地區,2022,0.2021,0.16,39371
中正區,東門地區,2023,0.201,0.1532,38579
中正區,東門地區,2024,0.1993,0.1463,37793
中正區,東門地區,2025,0.1955,0.1398,37018
中正區,東門地區,2026,0.1934,0.1281,36258
中正區,東門地區,2027,0.1917,0.1161,35599
中正區,東門地區,2028,0.1875,0.1058,34813
中正區,東門地區,2029,0.1852,0.0951,34139
中正區,東門地區,2030,0.1817,0.0854,33469
中正區,東門地區,2031,0.1784,0.0749,33026
中正區,東門地區,2032,0.1749,0.0673,32354
中正區,東門地區,2033,0.1692,0.0619,31735
中正區,東門地區,2034,0.1647,0.0569,31032
中正區,東門地區,2035,0.1597,0.0546,30440
中正區,東門地區,2036,0.1559,0.0513,29876
中正區,東門地區,2037,0.1505,0.0513,29221
中正區,東門地區,2038,0.1448,0.0502,28631
中正區,東門地區,2039,0.1398,0.048,28106
中正區,東門地區,2040,0.1367,0.0466,27513
中正區,東門地區,2041,0.1316,0.0449,27023
信義區,三張犁地區,2022,0.2099,0.1298,45654
信義區,三張犁地區,2023,0.2056,0.127,44694
信義區,三張犁地區,2024,0.202,0.1227,43588
信義區,三張犁地區,2025,0.1989,0.1179,42632
信義區,三張犁地區,2026,0.1935,0.1122,41680
信義區,三張犁地區,2027,0.1906,0.1056,40833
信義區,三張犁地區,2028,0.1869,0.0986,39965
信義區,三張犁地區,2029,0.1825,0.0912,39012
信義區,三張犁地區,2030,0.1784,0.0838,38183
信義區,三張犁地區,2031,0.1735,0.0762,37289
信義區,三張犁地區,2032,0.167,0.0698,36469
信義區,三張犁地區,2033,0.1612,0.0634,35651
信義區,三張犁地區,2034,0.1548,0.0597,34868
信義區,三張犁地區,2035,0.1492,0.0563,34042
信義區,三張犁地區,2036,0.1446,0.0519,33234
信義區,三張犁地區,2037,0.138,0.0523,32507
信義區,三張犁地區,2038,0.1317,0.0489,31704
信義區,三張犁地區,2039,0.1268,0.0468,30906
信義區,三張犁地區,2040,0.1194,0.0447,30217
信義區,三張犁地區,2041,0.1138,0.0419,29526
信義區,五分埔地區,2022,0.2244,0.0986,41671
信義區,五分埔地區,2023,0.2201,0.0966,40789
信義區,五分埔地區,2024,0.2151,0.095,39928
信義區,五分埔地區,2025,0.2107,0.0934,39037
信義區,五分埔地區,2026,0.2039,0.0925,38225
信義區,五分埔地區,2027,0.1991,0.0897,37404
信義區,五分埔地區,2028,0.1936,0.0865,36599
信義區,五分埔地區,2029,0.1865,0.0837,35831
信義區,五分埔地區,2030,0.1798,0.0803,35050
信義區,五分埔地區,2031,0.1725,0.0763,34317
信義區,五分埔地區,2032,0.1657,0.0721,33573
信義區,五分埔地區,2033,0.1593,0.0675,32826
信義區,五分埔地區,2034,0.1519,0.0639,32126
信義區,五分埔地區,2035,0.146,0.0594,31374
信義區,五分埔地區,2036,0.1398,0.0556,30663
信義區,五分埔地區,2037,0.133,0.0531,30025
信義區,五分埔地區,2038,0.1249,0.0515,29388
信義區,五分埔地區,2039,0.1174,0.0484,28775
信義區,五分埔地區,2040,0.1094,0.0445,28143
信義區,五分埔地區,2041,0.1027,0.0427,27555
信義區,六張犁地區,2022,0.2182,0.0877,32595
信義區,六張犁地區,2023,0.2131,0.0857,31901
信義區,六張犁地區,2024,0.2063,0.0847,31185
信義區,六張犁地區,2025,0.2006,0.0841,30525
信義區,六張犁地區,2026,0.1941,0.0835,29836
信義區,六張犁地區,2027,0.1885,0.0801,29253
信義區,六張犁地區,2028,0.1807,0.0773,28586
信義區,六張犁地區,2029,0.1749,0.0748,28028
信義區,六張犁地區,2030,0.1685,0.0704,27401
信義區,六張犁地區,2031,0.1607,0.0675,26834
信義區,六張犁地區,2032,0.1534,0.064,26244
信義區,六張犁地區,2033,0.1454,0.0602,25678
信義區,六張犁地區,2034,0.1388,0.0571,25059
信義區,六張犁地區,2035,0.1327,0.0538,24613
信義區,六張犁地區,2036,0.1273,0.0518,24033
信義區,六張犁地區,2037,0.1219,0.051,23495
信義區,六張犁地區,2038,0.1118,0.0476,22984
信義區,六張犁地區,2039,0.1043,0.0455,22482
信義區,六張犁地區,2040,0.0971,0.0429,21971
信義區,六張犁地區,2041,0.0899,0.0408,21510
信義區,吳興地區,2022,0.2146,0.0949,37841
信義區,吳興地區,2023,0.2114,0.0916,36909
信義區,吳興地區,2024,0.2064,0.0896,36040
信義區,吳興地區,2025,0.2007,0.0864,35122
信義區,吳興地區,2026,0.1948,0.0846,34359
信義區,吳興地區,2027,0.1887,0.084,33502
信義區,吳興地區,2028,0.1826,0.082,32826
信義區,吳興地區,2029,0.1759,0.0784,31990
信義區,吳興地區,2030,0.1699,0.0755,31195
信義區,吳興地區,2031,0.1634,0.0689,30493
信義區,吳興地區,2032,0.1543,0.0658,29742
信義區,吳興地區,2033,0.1493,0.0637,29074
信義區,吳興地區,2034,0.1425,0.0579,28384
信義區,吳興地區,2035,0.1371,0.0516,27651
信義區,吳興地區,2036,0.1318,0.05,27000
信義區,吳興地區,2037,0.1229,0.0473,26350
信義區,吳興地區,2038,0.1187,0.0418,25680
信義區,吳興地區,2039,0.1082,0.039,25101
信義區,吳興地區,2040,0.1021,0.037,24566
信義區,吳興地區,2041,0.0931,0.0337,23911
信義區,福德地區,2022,0.2188,0.1065,43552
信義區,福德地區,2023,0.2142,0.1033,42511
信義區,福德地區,2024,0.2101,0.1013,41604
信義區,福德地區,2025,0.205,0.0989,40703
信義區,福德地區,2026,0.2005,0.0957,39781
信義區,福德地區,2027,0.1953,0.0917,38857
信義區,福德地區,2028,0.1899,0.0885,37993
信義區,福德地區,2029,0.1834,0.0833,37104
信義區,福德地區,2030,0.1766,0.0798,36263
信義區,福德地區,2031,0.1708,0.0748,35453
信義區,福德地區,2032,0.1625,0.0696,34607
信義區,福德地區,2033,0.157,0.0651,33832
信義區,福德地區,2034,0.15,0.06,33062
信義區,福德地區,2035,0.1435,0.0557,32304
信義區,福德地區,2036,0.1361,0.0526,31528
信義區,福德地區,2037,0.1293,0.0506,30830
信義區,福德地區,2038,0.1227,0.0478,30119
信義區,福德地區,2039,0.1156,0.0448,29411
信義區,福德地區,2040,0.1067,0.0426,28785
信義區,福德地區,2041,0.1001,0.0389,28126
內湖區,東湖地區,2022,0.24,0.1637,81848
內湖區,東湖地區,2023,0.239,0.1577,80776
內湖區,東湖地區,2024,0.2376,0.1514,79774
內湖區,東湖地區,2025,0.2342,0.147,78915
內湖區,東湖地區,2026,0.2278,0.1404,77891
內湖區,東湖地區,2027,0.2258,0.1311,76903
內湖區,東湖地區,2028,0.2228,0.1228,75931
內湖區,東湖地區,2029,0.2172,0.1147,75141
內湖區,東湖地區,2030,0.2153,0.1058,73902
內湖區,東湖地區,2031,0.2103,0.0992,73006
內湖區,東湖地區,2032,0.2071,0.0933,72019
內湖區,東湖地區,2033,0.2026,0.0876,71176
內湖區,東湖地區,2034,0.1987,0.0781,69890
內湖區,東湖地區,2035,0.1951,0.0756,68740
內湖區,東湖地區,2036,0.1854,0.0728,68099
內湖區,東湖地區,2037,0.1807,0.0733,67151
內湖區,東湖地區,2038,0.1744,0.0714,66295
內湖區,東湖地區,2039,0.169,0.0692,65427
內湖區,東湖地區,2040,0.166,0.067,64192
內湖區,東湖地區,2041,0.1606,0.0649,63304
內湖區,洲尾地區,2022,0.239,0.1403,15713
內湖區,洲尾地區,2023,0.2341,0.1381,15501
內湖區,洲尾地區,2024,0.2289,0.1365,15270
內湖區,洲尾地區,2025,0.2222,0.1375,15033
內湖區,洲尾地區,2026,0.2121,0.1383,14819
內湖區,洲尾地區,2027,0.205,0.1362,14675
內湖區,洲尾地區,2028,0.1978,0.1318,14426
內湖區,洲尾地區,2029,0.1936,0.1288,14219
內湖區,洲尾地區,2030,0.1872,0.1193,13998
內湖區,洲尾地區,2031,0.1809,0.1115,13779
內湖區,洲尾地區,2032,0.1758,0.1025,13576
內湖區,洲尾地區,2033,0.172,0.0941,13386
內湖區,洲尾地區,2034,0.1673,0.0856,13196
內湖區,洲尾地區,2035,0.164,0.0787,12972
內湖區,洲尾地區,2036,0.1569,0.0749,12777
內湖區,洲尾地區,2037,0.1528,0.0688,12509
內湖區,洲尾地區,2038,0.1491,0.0642,12334
內湖區,洲尾地區,2039,0.1456,0.0625,12155
內湖區,洲尾地區,2040,0.1398,0.0588,11951
內湖區,洲尾地區,2041,0.1354,0.0558,11769
內湖區,灣仔地區,2022,0.2385,0.1231,28825
內湖區,灣仔地區,2023,0.2249,0.1207,28934
內湖區,灣仔地區,2024,0.2237,0.117,28282
內湖區,灣仔地區,2025,0.2185,0.1178,27869
內湖區,灣仔地區,2026,0.2132,0.1141,27696
內湖區,灣仔地區,2027,0.2124,0.1122,27194
內湖區,灣仔地區,2028,0.2004,0.111,26900
內湖區,灣仔地區,2029,0.1963,0.1069,26527
內湖區,灣仔地區,2030,0.1913,0.0984,25956
內湖區,灣仔地區,2031,0.1902,0.0917,25623
內湖區,灣仔地區,2032,0.1793,0.0869,25299
內湖區,灣仔地區,2033,0.1718,0.0833,25219
內湖區,灣仔地區,2034,0.1691,0.0781,24762
內湖區,灣仔地區,2035,0.1587,0.0736,24402
內湖區,灣仔地區,2036,0.1577,0.0666,23932
內湖區,灣仔地區,2037,0.1505,0.0662,23824
內湖區,灣仔地區,2038,0.1453,0.0648,23471
內湖區,灣仔地區,2039,0.1346,0.0562,23045
內湖區,灣仔地區,2040,0.1281,0.0547,22717
內湖區,灣仔地區,2041,0.1254,0.0533,22301
內湖區,紫陽地區,2022,0.2282,0.1015,39150
內湖區,紫陽地區,2023,0.2235,0.1007,38607
內湖區,紫陽地區,2024,0.2196,0.0986,38057
內湖區,紫陽地區,2025,0.2135,0.0987,37549
內湖區,紫陽地區,2026,0.2073,0.0975,37007
內湖區,紫陽地區,2027,0.2029,0.0956,36670
內湖區,紫陽地區,2028,0.1969,0.0943,36156
內湖區,紫陽地區,2029,0.191,0.0919,35680
內湖區,紫陽地區,2030,0.185,0.0901,35197
內湖區,紫陽地區,2031,0.1803,0.0844,34631
內湖區,紫陽地區,2032,0.1746,0.082,34247
內湖區,紫陽地區,2033,0.1672,0.0782,33838
內湖區,紫陽地區,2034,0.1629,0.0743,33301
內湖區,紫陽地區,2035,0.1572,0.0712,32787
內湖區,紫陽地區,2036,0.152,0.0667,32324
內湖區,紫陽地區,2037,0.1454,0.0659,31831
內湖區,紫陽地區,2038,0.1407,0.0613,31316
內湖區,紫陽地區,2039,0.1332,0.0598,30942
內湖區,紫陽地區,2040,0.1268,0.0578,30448
內湖區,紫陽地區,2041,0.1204,0.0557,29978
內湖區,西湖地區,2022,0.2287,0.137,57660
內湖區,西湖地區,2023,0.2247,0.1346,56896
內湖區,西湖地區,2024,0.2229,0.1305,56050
內湖區,西湖地區,2025,0.2194,0.1266,55246
內湖區,西湖地區,2026,0.2151,0.1215,54536
內湖區,西湖地區,2027,0.2115,0.1145,53793
內湖區,西湖地區,2028,0.2091,0.1075,52894
內湖區,西湖地區,2029,0.203,0.1022,52253
內湖區,西湖地區,2030,0.1978,0.0948,51517
內湖區,西湖地區,2031,0.1914,0.0893,50857
內湖區,西湖地區,2032,0.1862,0.0823,50023
內湖區,西湖地區,2033,0.1791,0.0791,49444
內湖區,西湖地區,2034,0.173,0.0754,48579
內湖區,西湖地區,2035,0.1659,0.0712,47901
內湖區,西湖地區,2036,0.1609,0.0693,47275
內湖區,西湖地區,2037,0.1528,0.0673,46538
內湖區,西湖地區,2038,0.1475,0.0671,45860
內湖區,西湖地區,2039,0.1416,0.0646,45193
內湖區,西湖地區,2040,0.1355,0.0612,44530
內湖區,西湖地區,2041,0.1307,0.0585,43713
內湖區,金龍地區,2022,0.2233,0.103,43172
內湖區,金龍地區,2023,0.2198,0.1008,42949
內湖區,金龍地區,2024,0.219,0.1004,42146
內湖區,金龍地區,2025,0.2134,0.0969,41434
內湖區,金龍地區,2026,0.2066,0.0952,41069
內湖區,金龍地區,2027,0.1979,0.0923,40876
內湖區,金龍地區,2028,0.198,0.0821,39808
內湖區,金龍地區,2029,0.1939,0.08,39581
內湖區,金龍地區,2030,0.1879,0.0801,38958
內湖區,金龍地區,2031,0.1801,0.0776,38483
內湖區,金龍地區,2032,0.1781,0.0691,37486
內湖區,金龍地區,2033,0.1625,0.0673,37246
內湖區,金龍地區,2034,0.1593,0.0653,36768
內湖區,金龍地區,2035,0.156,0.0649,36216
內湖區,金龍地區,2036,0.1541,0.0628,35662
內湖區,金龍地區,2037,0.1454,0.061,35405
內湖區,金龍地區,2038,0.1354,0.0597,34840
內湖區,金龍地區,2039,0.1284,0.0575,34271
內湖區,金龍地區,2040,0.1235,0.0564,33661
內湖區,金龍地區,2041,0.1151,0.0509,33210
北投區,唭哩岸地區,2022,0.2276,0.1758,40260
北投區,唭哩岸地區,2023,0.2253,0.1698,39733
北投區,唭哩岸地區,2024,0.2237,0.1617,39099
北投區,唭哩岸地區,2025,0.2212,0.153,38547
北投區,唭哩岸地區,2026,0.2197,0.1385,37879
北投區,唭哩岸地區,2027,0.2196,0.1239,37388
北投區,唭哩岸地區,2028,0.2164,0.1113,36897
北投區,唭哩岸地區,2029,0.2136,0.099,36297
北投區,唭哩岸地區,2030,0.2078,0.09,35791
北投區,唭哩岸地區,2031,0.2017,0.0829,35336
北投區,唭哩岸地區,2032,0.1956,0.0774,34792
北投區,唭哩岸地區,2033,0.1893,0.0733,34282
北投區,唭哩岸地區,2034,0.1844,0.0697,33807
北投區,唭哩岸地區,2035,0.1785,0.0676,33271
北投區,唭哩岸地區,2036,0.1742,0.0666,32741
北投區,唭哩岸地區,2037,0.1699,0.0663,32271
北投區,唭哩岸地區,2038,0.163,0.0642,31778
北投區,唭哩岸地區,2039,0.1592,0.0619,31280
北投區,唭哩岸地區,2040,0.1545,0.0609,30805
北投區,唭哩岸地區,2041,0.1511,0.0577,30314
北投區,大屯地區,2022,0.219,0.096,27551
北投區,大屯地區,2023,0.2137,0.0942,27315
北投區,大屯地區,2024,0.2065,0.0939,26918
北投區,大屯地區,2025,0.1989,0.0933,26840
北投區,大屯地區,2026,0.193,0.0927,26447
北投區,大屯地區,2027,0.1846,0.092,26250
北投區,大屯地區,2028,0.1811,0.0877,25819
北投區,大屯地區,2029,0.1757,0.0861,25480
北投區,大屯地區,2030,0.1719,0.0821,25096
北投區,大屯地區,2031,0.1632,0.0783,24844
北投區,大屯地區,2032,0.1588,0.0735,24574
北投區,大屯地區,2033,0.1567,0.0688,23880
北投區,大屯地區,2034,0.152,0.061,23575
北投區,大屯地區,2035,0.1481,0.0571,23200
北投區,大屯地區,2036,0.1448,0.0545,22860
北投區,大屯地區,2037,0.1354,0.0542,22580
北投區,大屯地區,2038,0.1306,0.052,22175
北投區,大屯地區,2039,0.1241,0.0503,21884
北投區,大屯地區,2040,0.1189,0.0476,21548
北投區,大屯地區,2041,0.1121,0.0461,21267
北投區,新北投地區,2022,0.2198,0.0881,21218
北投區,新北投地區,2023,0.2165,0.0817,20844
北投區,新北投地區,2024,0.2117,0.08,20562
北投區,新北投地區,2025,0.2063,0.0785,20282
北投區,新北投地區,2026,0.1975,0.0771,20034
北投區,新北投地區,2027,0.1939,0.0754,19740
北投區,新北投地區,2028,0.1879,0.0742,19428
北投區,新北投地區,2029,0.1839,0.0713,19066
北投區,新北投地區,2030,0.1726,0.0693,18891
北投區,新北投地區,2031,0.1669,0.0676,18577
北投區,新北投地區,2032,0.1613,0.0642,18315
北投區,新北投地區,2033,0.1561,0.0605,18124
北投區,新北投地區,2034,0.1503,0.0571,17794
北投區,新北投地區,2035,0.1399,0.0552,17492
北投區,新北投地區,2036,0.1352,0.0531,17165
北投區,新北投地區,2037,0.1299,0.0533,16917
北投區,新北投地區,2038,0.123,0.0506,16754
北投區,新北投地區,2039,0.1189,0.0489,16389
北投區,新北投地區,2040,0.1128,0.0404,16058
北投區,新北投地區,2041,0.1073,0.0374,15708
北投區,石牌地區,2022,0.2198,0.1403,70703
北投區,石牌地區,2023,0.217,0.1349,69640
北投區,石牌地區,2024,0.2143,0.129,68607
北投區,石牌地區,2025,0.2113,0.1243,67494
北投區,石牌地區,2026,0.2073,0.1164,66344
北投區,石牌地區,2027,0.2056,0.1078,65418
北投區,石牌地區,2028,0.1998,0.1002,64430
北投區,石牌地區,2029,0.1948,0.0945,63554
北投區,石牌地區,2030,0.1896,0.0846,62399
北投區,石牌地區,2031,0.1846,0.0793,61327
北投區,石牌地區,2032,0.1773,0.0746,60459
北投區,石牌地區,2033,0.1728,0.0712,59541
北投區,石牌地區,2034,0.1686,0.0682,58562
北投區,石牌地區,2035,0.1615,0.0628,57544
北投區,石牌地區,2036,0.1585,0.0608,56483
北投區,石牌地區,2037,0.1515,0.0589,55777
北投區,石牌地區,2038,0.146,0.0573,54791
北投區,石牌地區,2039,0.1406,0.0563,53967
北投區,石牌地區,2040,0.1369,0.053,53152
北投區,石牌地區,2041,0.1303,0.0489,52094
北投區,舊北投地區,2022,0.2223,0.0972,32576
北投區,舊北投地區,2023,0.2168,0.0961,32111
北投區,舊北投地區,2024,0.2115,0.0908,31526
北投區,舊北投地區,2025,0.2078,0.0919,30930
北投區,舊北投地區,2026,0.2002,0.0919,30491
北投區,舊北投地區,2027,0.193,0.0904,30039
北投區,舊北投地區,2028,0.1851,0.091,29573
北投區,舊北投地區,2029,0.1819,0.0844,29016
北投區,舊北投地區,2030,0.1752,0.0828,28556
北投區,舊北投地區,2031,0.1688,0.0774,27946
北投區,舊北投地區,2032,0.1643,0.0732,27621
北投區,舊北投地區,2033,0.1578,0.0682,26950
北投區,舊北投地區,2034,0.1503,0.0653,26601
北投區,舊北投地區,2035,0.1486,0.0593,25953
北投區,舊北投地區,2036,0.1411,0.0577,25559
北投區,舊北投地區,2037,0.1376,0.0588,25441
北投區,舊北投地區,2038,0.1284,0.0577,24986
北投區,舊北投地區,2039,0.1247,0.0515,24450
北投區,舊北投地區,2040,0.1153,0.0486,24032
北投區,舊北投地區,2041,0.1119,0.0473,23622
北投區,關渡地區,2022,0.2327,0.0974,38725
北投區,關渡地區,2023,0.2246,0.0976,37804
北投區,關渡地區,2024,0.2207,0.0936,37116
北投區,關渡地區,2025,0.2119,0.0897,36827
北投區,關渡地區,2026,0.2081,0.0903,36276
北投區,關渡地區,2027,0.2069,0.0908,35670
北投區,關渡地區,2028,0.1946,0.0858,35266
北投區,關渡地區,2029,0.1887,0.0844,34875
北投區,關渡地區,2030,0.1817,0.0753,34010
北投區,關渡地區,2031,0.1703,0.0737,33527
北投區,關渡地區,2032,0.1661,0.0685,33108
北投區,關渡地區,2033,0.1624,0.067,32645
北投區,關渡地區,2034,0.1561,0.0625,32121
北投區,關渡地區,2035,0.1527,0.0548,31449
北投區,關渡地區,2036,0.1492,0.0473,30605
北投區,關渡地區,2037,0.1406,0.046,30241
北投區,關渡地區,2038,0.1291,0.0407,29593
北投區,關渡地區,2039,0.1265,0.0387,28949
北投區,關渡地區,2040,0.1145,0.0389,28446
北投區,關渡地區,2041,0.1097,0.0345,28336
北投區,陽明山地區,2022,0.2058,0.0122,3532
北投區,陽明山地區,2023,0.1359,0.0119,3516
北投區,陽明山地區,2024,0.1488,0.0133,3165
北投區,陽明山地區,2025,0.1472,0.0123,3159
北投區,陽明山地區,2026,0.1454,0.0112,3137
北投區,陽明山地區,2027,0.1445,0.0109,3114
北投區,陽明山地區,2028,0.1424,0.0103,3097
北投區,陽明山地區,2029,0.1381,0.0094,3099
北投區,陽明山地區,2030,0.0235,0.008,3360
北投區,陽明山地區,2031,0.0217,0.0073,3415
北投區,陽明山地區,2032,0.0218,0.0078,3070
北投區,陽明山地區,2033,0.0209,0.0068,3068
北投區,陽明山地區,2034,0.0189,0.0062,3062
北投區,陽明山地區,2035,0.0187,0.0056,3054
北投區,陽明山地區,2036,0.0171,0.0049,3042
北投區,陽明山地區,2037,0.0158,0.0049,3034
北投區,陽明山地區,2038,0.0139,0.005,3025
北投區,陽明山地區,2039,0.0144,0.0051,2772
北投區,陽明山地區,2040,0.0138,0.0036,2750
北投區,陽明山地區,2041,0.0131,0.0036,2742
南港區,三重埔地區,2022,0.233,0.1294,20785
南港區,三重埔地區,2023,0.2319,0.1289,20479
南港區,三重埔地區,2024,0.2231,0.1256,20108
南港區,三重埔地區,2025,0.2194,0.1247,19781
南港區,三重埔地區,2026,0.2143,0.1206,19449
南港區,三重埔地區,2027,0.2078,0.1185,19211
南港區,三重埔地區,2028,0.197,0.1156,18815
南港區,三重埔地區,2029,0.1912,0.1123,18604
南港區,三重埔地區,2030,0.1885,0.1081,18231
南港區,三重埔地區,2031,0.1824,0.0969,17973
南港區,三重埔地區,2032,0.1829,0.0848,17526
南港區,三重埔地區,2033,0.1703,0.0776,17253
南港區,三重埔地區,2034,0.1651,0.0705,16915
南港區,三重埔地區,2035,0.157,0.0642,16726
南港區,三重埔地區,2036,0.155,0.0617,16454
南港區,三重埔地區,2037,0.1489,0.0585,16059
南港區,三重埔地區,2038,0.1398,0.056,15884
南港區,三重埔地區,2039,0.1349,0.0557,15495
南港區,三重埔地區,2040,0.1304,0.0499,15309
南港區,三重埔地區,2041,0.1258,0.0476,15041
南港區,中研地區,2022,0.2288,0.1119,22150
南港區,中研地區,2023,0.2266,0.1122,21983
南港區,中研地區,2024,0.2133,0.1119,21345
南港區,中研地區,2025,0.2075,0.1103,21496
南港區,中研地區,2026,0.2127,0.0985,20550
南港區,中研地區,2027,0.2137,0.0971,20045
南港區,中研地區,2028,0.2119,0.0946,19767
南港區,中研地區,2029,0.1702,0.0927,19242
南港區,中研地區,2030,0.1682,0.086,19009
南港區,中研地區,2031,0.1693,0.0575,18707
南港區,中研地區,2032,0.1737,0.0563,17739
南港區,中研地區,2033,0.1708,0.0526,17563
南港區,中研地區,2034,0.1468,0.0481,17557
南港區,中研地區,2035,0.1439,0.0449,17392
南港區,中研地區,2036,0.1445,0.0457,16839
南港區,中研地區,2037,0.1426,0.0462,16479
南港區,中研地區,2038,0.1409,0.0467,16073
南港區,中研地區,2039,0.1403,0.0226,15520
南港區,中研地區,2040,0.135,0.0218,15459
南港區,中研地區,2041,0.1106,0.0187,14900
南港區,後山坡地區,2022,0.2289,0.099,39799
南港區,後山坡地區,2023,0.2228,0.096,39171
南港區,後山坡地區,2024,0.2184,0.0944,38540
南港區,後山坡地區,2025,0.2116,0.0938,37972
南港區,後山坡地區,2026,0.2056,0.0916,37343
南港區,後山坡地區,2027,0.199,0.0883,36701
南港區,後山坡地區,2028,0.1928,0.0856,36095
南港區,後山坡地區,2029,0.1876,0.0814,35448
南港區,後山坡地區,2030,0.1808,0.0771,34869
南港區,後山坡地區,2031,0.173,0.0748,34241
南港區,後山坡地區,2032,0.1657,0.0732,33906
南港區,後山坡地區,2033,0.1593,0.0693,33299
南港區,後山坡地區,2034,0.1518,0.0663,32734
南港區,後山坡地區,2035,0.1463,0.0634,32168
南港區,後山坡地區,2036,0.1403,0.0606,31611
南港區,後山坡地區,2037,0.1337,0.0592,31022
南港區,後山坡地區,2038,0.127,0.0565,30448
南港區,後山坡地區,2039,0.1222,0.0527,29911
南港區,後山坡地區,2040,0.1152,0.05,29285
南港區,後山坡地區,2041,0.1096,0.0468,28740
南港區,新庄仔地區,2022,0.2388,0.122,26726
南港區,新庄仔地區,2023,0.2359,0.1188,26340
南港區,新庄仔地區,2024,0.2292,0.1172,25941
南港區,新庄仔地區,2025,0.2252,0.1156,25458
南港區,新庄仔地區,2026,0.2196,0.1134,25072
南港區,新庄仔地區,2027,0.21,0.1085,24733
南港區,新庄仔地區,2028,0.2068,0.101,24258
南港區,新庄仔地區,2029,0.202,0.0971,23763
南港區,新庄仔地區,2030,0.195,0.0926,23599
南港區,新庄仔地區,2031,0.1868,0.0879,23149
南港區,新庄仔地區,2032,0.1803,0.0841,22777
南港區,新庄仔地區,2033,0.1752,0.0796,22407
南港區,新庄仔地區,2034,0.1705,0.0745,22040
南港區,新庄仔地區,2035,0.1665,0.0665,21479
南港區,新庄仔地區,2036,0.1569,0.0639,21250
南港區,新庄仔地區,2037,0.1516,0.0624,20840
南港區,新庄仔地區,2038,0.1445,0.061,20488
南港區,新庄仔地區,2039,0.14,0.058,20088
南港區,新庄仔地區,2040,0.1325,0.056,19827
南港區,新庄仔地區,2041,0.1249,0.0532,19415
士林區,天母地區,2022,0.2091,0.1369,50575
士林區,天母地區,2023,0.2071,0.1339,49660
士林區,天母地區,2024,0.2038,0.1278,48479
士林區,天母地區,2025,0.2025,0.1232,47422
士林區,天母地區,2026,0.2011,0.115,46363
士林區,天母地區,2027,0.2001,0.1075,45342
士林區,天母地區,2028,0.195,0.104,44388
士林區,天母地區,2029,0.1912,0.0958,43404
士林區,天母地區,2030,0.1876,0.0892,42576
士林區,天母地區,2031,0.1816,0.0823,41632
士林區,天母地區,2032,0.177,0.0772,40692
士林區,天母地區,2033,0.1736,0.0705,39691
士林區,天母地區,2034,0.1646,0.0671,39064
士林區,天母地區,2035,0.1606,0.063,38164
士林區,天母地區,2036,0.1561,0.0572,37326
士林區,天母地區,2037,0.1508,0.0567,36550
士林區,天母地區,2038,0.1428,0.0535,35681
士林區,天母地區,2039,0.1388,0.0514,34892
士林區,天母地區,2040,0.1319,0.0499,34225
士林區,天母地區,2041,0.1276,0.0494,33436
士林區,後港地區,2022,0.2276,0.1153,40708
士林區,後港地區,2023,0.2252,0.1116,39857
士林區,後港地區,2024,0.2197,0.1086,39069
士林區,後港地區,2025,0.2151,0.1069,38450
士林區,後港地區,2026,0.2086,0.1028,37673
士林區,後港地區,2027,0.204,0.0987,36909
士林區,後港地區,2028,0.1982,0.0951,36142
士林區,後港地區,2029,0.1911,0.0909,35430
士林區,後港地區,2030,0.1844,0.0858,34712
士林區,後港地區,2031,0.1787,0.081,33994
士林區,後港地區,2032,0.1715,0.0756,33257
士林區,後港地區,2033,0.1652,0.0716,32549
士林區,後港地區,2034,0.1588,0.068,31849
士林區,後港地區,2035,0.1509,0.0648,31170
士林區,後港地區,2036,0.1458,0.0618,30491
士林區,後港地區,2037,0.1392,0.0604,29790
士林區,後港地區,2038,0.133,0.0574,29129
士林區,後港地區,2039,0.1262,0.0555,28540
士林區,後港地區,2040,0.1187,0.0538,27914
士林區,後港地區,2041,0.1129,0.0501,27272
士林區,社子地區,2022,0.2362,0.1036,60818
士林區,社子地區,2023,0.23,0.102,59590
士林區,社子地區,2024,0.2246,0.1001,58216
士林區,社子地區,2025,0.2214,0.0955,56878
士林區,社子地區,2026,0.2136,0.0928,55761
士林區,社子地區,2027,0.2057,0.0886,54965
士林區,社子地區,2028,0.2005,0.0875,53743
士林區,社子地區,2029,0.1929,0.0838,52413
士林區,社子地區,2030,0.1866,0.0815,51542
士林區,社子地區,2031,0.1775,0.0785,50555
士林區,社子地區,2032,0.1688,0.0749,49320
士林區,社子地區,2033,0.1635,0.0677,48248
士林區,社子地區,2034,0.1581,0.0633,47187
士林區,社子地區,2035,0.1497,0.061,46119
士林區,社子地區,2036,0.1421,0.0597,45060
士林區,社子地區,2037,0.1377,0.0581,44051
士林區,社子地區,2038,0.132,0.0552,43180
士林區,社子地區,2039,0.1238,0.0535,42188
士林區,社子地區,2040,0.119,0.0483,40949
士林區,社子地區,2041,0.1142,0.0445,40394
士林區,芝山岩地區,2022,0.212,0.1165,27383
士林區,芝山岩地區,2023,0.2107,0.1126,26789
士林區,芝山岩地區,2024,0.2066,0.1093,26218
士林區,芝山岩地區,2025,0.2039,0.1061,25660
士林區,芝山岩地區,2026,0.2026,0.0999,25097
士林區,芝山岩地區,2027,0.1995,0.093,24621
士林區,芝山岩地區,2028,0.1935,0.0892,24138
士林區,芝山岩地區,2029,0.1897,0.0858,23651
士林區,芝山岩地區,2030,0.1815,0.0761,23103
士林區,芝山岩地區,2031,0.1797,0.0713,22569
士林區,芝山岩地區,2032,0.175,0.0687,22136
士林區,芝山岩地區,2033,0.1692,0.0621,21874
士林區,芝山岩地區,2034,0.1626,0.0577,21396
士林區,芝山岩地區,2035,0.1563,0.0577,20894
士林區,芝山岩地區,2036,0.1498,0.0565,20545
士林區,芝山岩地區,2037,0.1393,0.057,20060
士林區,芝山岩地區,2038,0.1358,0.0515,19533
士林區,芝山岩地區,2039,0.131,0.0459,19059
士林區,芝山岩地區,2040,0.1268,0.0449,18657
士林區,芝山岩地區,2041,0.1179,0.0435,18362
士林區,蘭雅地區,2022,0.2138,0.1239,28443
士林區,蘭雅地區,2023,0.2097,0.1201,27840
士林區,蘭雅地區,2024,0.2064,0.1169,27232
士林區,蘭雅地區,2025,0.2022,0.114,26672
士林區,蘭雅地區,2026,0.1973,0.1107,26091
士林區,蘭雅地區,2027,0.1939,0.1038,25626
士林區,蘭雅地區,2028,0.1895,0.0994,25106
士林區,蘭雅地區,2029,0.1853,0.0936,24678
士林區,蘭雅地區,2030,0.1805,0.0873,24135
士林區,蘭雅地區,2031,0.1745,0.0809,23623
士林區,蘭雅地區,2032,0.1693,0.0725,23215
士林區,蘭雅地區,2033,0.1641,0.0673,22719
士林區,蘭雅地區,2034,0.1569,0.0635,22244
士林區,蘭雅地區,2035,0.1506,0.0596,21735
士林區,蘭雅地區,2036,0.1449,0.0561,21249
士林區,蘭雅地區,2037,0.1394,0.0545,20817
士林區,蘭雅地區,2038,0.1321,0.0529,20341
士林區,蘭雅地區,2039,0.1261,0.0506,19903
士林區,蘭雅地區,2040,0.1201,0.0471,19461
士林區,蘭雅地區,2041,0.1145,0.0448,19047
士林區,街上地區,2022,0.2093,0.0975,35325
士林區,街上地區,2023,0.206,0.095,34560
士林區,街上地區,2024,0.2031,0.0933,33750
士林區,街上地區,2025,0.1981,0.0918,33065
士林區,街上地區,2026,0.1906,0.0902,32529
士林區,街上地區,2027,0.1831,0.0856,31759
士林區,街上地區,2028,0.1783,0.0831,31123
士林區,街上地區,2029,0.1737,0.0811,30337
士林區,街上地區,2030,0.1687,0.0757,29775
士林區,街上地區,2031,0.1622,0.0708,29189
士林區,街上地區,2032,0.1563,0.0666,28547
士林區,街上地區,2033,0.1509,0.0589,27914
士林區,街上地區,2034,0.1454,0.0558,27354
士林區,街上地區,2035,0.1393,0.053,26823
士林區,街上地區,2036,0.1299,0.0509,26173
士林區,街上地區,2037,0.1236,0.0493,25563
士林區,街上地區,2038,0.1175,0.048,25023
士林區,街上地區,2039,0.1124,0.0453,24440
士林區,街上地區,2040,0.1058,0.0417,23984
士林區,街上地區,2041,0.1025,0.0402,23571
士林區,陽明山地區,2022,0.1543,0.0347,14015
士林區,陽明山地區,2023,0.1401,0.0352,13584
士林區,陽明山地區,2024,0.1424,0.0354,13234
士林區,陽明山地區,2025,0.1373,0.0353,12982
士林區,陽明山地區,2026,0.127,0.035,12886
士林區,陽明山地區,2027,0.1282,0.0349,12616
士林區,陽明山地區,2028,0.1264,0.0365,11850
士林區,陽明山地區,2029,0.1155,0.0353,11805
士林區,陽明山地區,2030,0.1197,0.0248,11282
士林區,陽明山地區,2031,0.1172,0.0118,11294
士林區,陽明山地區,2032,0.1107,0.0123,10477
士林區,陽明山地區,2033,0.0985,0.0024,10212
士林區,陽明山地區,2034,0.095,0.0023,10376
士林區,陽明山地區,2035,0.0846,0.0019,10191
士林區,陽明山地區,2036,0.0848,0.0017,10110
士林區,陽明山地區,2037,0.0824,0.0014,10082
士林區,陽明山地區,2038,0.0819,0.0013,9919
士林區,陽明山地區,2039,0.0807,0.0013,9883
士林區,陽明山地區,2040,0.0785,0.0012,9840
士林區,陽明山地區,2041,0.0778,0.001,9597
大同區,大龍地區,2022,0.2225,0.0957,31546
大同區,大龍地區,2023,0.2187,0.0929,31114
大同區,大龍地區,2024,0.2136,0.0917,30637
大同區,大龍地區,2025,0.2087,0.0905,30163
大同區,大龍地區,2026,0.2014,0.0898,29685
大同區,大龍地區,2027,0.1962,0.0866,29196
大同區,大龍地區,2028,0.1909,0.0848,28702
大同區,大龍地區,2029,0.183,0.0823,28258
大同區,大龍地區,2030,0.1769,0.0789,27777
大同區,大龍地區,2031,0.1694,0.0762,27314
大同區,大龍地區,2032,0.162,0.073,26855
大同區,大龍地區,2033,0.1563,0.0686,26419
大同區,大龍地區,2034,0.1498,0.0632,25960
大同區,大龍地區,2035,0.1446,0.0598,25527
大同區,大龍地區,2036,0.1397,0.0559,25069
大同區,大龍地區,2037,0.1342,0.0537,24657
大同區,大龍地區,2038,0.1263,0.0514,24211
大同區,大龍地區,2039,0.1202,0.0495,23789
大同區,大龍地區,2040,0.1142,0.0455,23364
大同區,大龍地區,2041,0.1075,0.0439,22948
大同區,延平地區,2022,0.2217,0.1057,23117
大同區,延平地區,2023,0.2184,0.1031,22788
大同區,延平地區,2024,0.2149,0.0993,22467
大同區,延平地區,2025,0.2101,0.0968,22113
大同區,延平地區,2026,0.2051,0.0926,21805
大同區,延平地區,2027,0.1992,0.0885,21525
大同區,延平地區,2028,0.193,0.0863,21187
大同區,延平地區,2029,0.1874,0.0843,20912
大同區,延平地區,2030,0.1805,0.0813,20582
大同區,延平地區,2031,0.1736,0.0769,20265
大同區,延平地區,2032,0.1678,0.0723,19930
大同區,延平地區,2033,0.1618,0.0685,19624
大同區,延平地區,2034,0.1554,0.0656,19330
大同區,延平地區,2035,0.1504,0.0611,18994
大同區,延平地區,2036,0.144,0.0582,18680
大同區,延平地區,2037,0.1383,0.058,18374
大同區,延平地區,2038,0.1316,0.0559,18079
大同區,延平地區,2039,0.1261,0.0542,17854
大同區,延平地區,2040,0.1201,0.0501,17537
大同區,延平地區,2041,0.1143,0.0487,17310
大同區,建成地區,2022,0.2214,0.1482,37802
大同區,建成地區,2023,0.2187,0.1437,37217
大同區,建成地區,2024,0.2164,0.138,36591
大同區,建成地區,2025,0.2126,0.1323,36024
大同區,建成地區,2026,0.2088,0.1243,35615
大同區,建成地區,2027,0.2063,0.1134,35100
大同區,建成地區,2028,0.2003,0.1072,34531
大同區,建成地區,2029,0.1955,0.1002,33995
大同區,建成地區,2030,0.1908,0.0934,33435
大同區,建成地區,2031,0.1851,0.0865,32898
大同區,建成地區,2032,0.1798,0.0797,32357
大同區,建成地區,2033,0.1747,0.0749,31829
大同區,建成地區,2034,0.1692,0.0684,31289
大同區,建成地區,2035,0.1639,0.0647,30790
大同區,建成地區,2036,0.1589,0.061,30247
大同區,建成地區,2037,0.1521,0.0605,29696
大同區,建成地區,2038,0.1459,0.0589,29171
大同區,建成地區,2039,0.1419,0.0572,28674
大同區,建成地區,2040,0.1361,0.0551,28180
大同區,建成地區,2041,0.1314,0.0521,27679
大同區,蘭州地區,2022,0.2251,0.1134,25159
大同區,蘭州地區,2023,0.2214,0.1114,24810
大同區,蘭州地區,2024,0.2176,0.1083,24490
大同區,蘭州地區,2025,0.2121,0.1071,24120
大同區,蘭州地區,2026,0.2055,0.1045,23769
大同區,蘭州地區,2027,0.2003,0.1012,23405
大同區,蘭州地區,2028,0.1933,0.0999,23085
大同區,蘭州地區,2029,0.1876,0.0954,22759
大同區,蘭州地區,2030,0.1817,0.0919,22535
大同區,蘭州地區,2031,0.1763,0.0856,22183
大同區,蘭州地區,2032,0.1719,0.0793,21903
大同區,蘭州地區,2033,0.1667,0.0738,21613
大同區,蘭州地區,2034,0.1606,0.068,21213
大同區,蘭州地區,2035,0.1546,0.065,20943
大同區,蘭州地區,2036,0.1498,0.0609,20616
大同區,蘭州地區,2037,0.1443,0.059,20285
大同區,蘭州地區,2038,0.1367,0.0574,19946
大同區,蘭州地區,2039,0.1298,0.056,19660
大同區,蘭州地區,2040,0.1239,0.0513,19291
大同區,蘭州地區,2041,0.1173,0.0497,18999
大安區,和平地區,2022,0.2082,0.1945,55144
大安區,和平地區,2023,0.2065,0.1873,53645
大安區,和平地區,2024,0.205,0.1789,52329
大安區,和平地區,2025,0.2042,0.1696,50970
大安區,和平地區,2026,0.2026,0.1556,49667
大安區,和平地區,2027,0.2024,0.1397,48455
大安區,和平地區,2028,0.2005,0.1266,47187
大安區,和平地區,2029,0.1978,0.1137,45960
大安區,和平地區,2030,0.1956,0.1002,44772
大安區,和平地區,2031,0.1919,0.0904,43732
大安區,和平地區,2032,0.1891,0.0798,42623
大安區,和平地區,2033,0.1864,0.0709,41530
大安區,和平地區,2034,0.1821,0.0638,40477
大安區,和平地區,2035,0.1787,0.0585,39441
大安區,和平地區,2036,0.1755,0.0549,38458
大安區,和平地區,2037,0.1715,0.0547,37452
大安區,和平地區,2038,0.1671,0.0516,36538
大安區,和平地區,2039,0.1645,0.0491,35614
大安區,和平地區,2040,0.1594,0.0479,34732
大安區,和平地區,2041,0.1575,0.0454,33907
大安區,學府地區,2022,0.2031,0.172,30973
大安區,學府地區,2023,0.2016,0.1647,30570
大安區,學府地區,2024,0.1995,0.1571,29843
大安區,學府地區,2025,0.1991,0.1471,28915
大安區,學府地區,2026,0.1958,0.1352,28202
大安區,學府地區,2027,0.1957,0.1216,27505
大安區,學府地區,2028,0.1904,0.1088,26685
大安區,學府地區,2029,0.1864,0.0977,26172
大安區,學府地區,2030,0.1848,0.0802,25372
大安區,學府地區,2031,0.1827,0.0706,24748
大安區,學府地區,2032,0.1798,0.0617,24176
大安區,學府地區,2033,0.1769,0.0551,23411
大安區,學府地區,2034,0.1721,0.0509,22841
大安區,學府地區,2035,0.168,0.0484,22310
大安區,學府地區,2036,0.1647,0.0464,21748
大安區,學府地區,2037,0.162,0.0435,21073
大安區,學府地區,2038,0.1551,0.0423,20721
大安區,學府地區,2039,0.1524,0.0411,20233
大安區,學府地區,2040,0.1481,0.0392,19750
大安區,學府地區,2041,0.1456,0.0392,19138
大安區,安和地區,2022,0.2058,0.1262,45768
大安區,安和地區,2023,0.2031,0.1218,44645
大安區,安和地區,2024,0.1999,0.1164,43428
大安區,安和地區,2025,0.1963,0.1121,42310
大安區,安和地區,2026,0.1906,0.1056,41224
大安區,安和地區,2027,0.1879,0.0981,40169
大安區,安和地區,2028,0.1831,0.0924,39116
大安區,安和地區,2029,0.1784,0.0856,38123
大安區,安和地區,2030,0.1736,0.0776,37124
大安區,安和地區,2031,0.1683,0.0702,36147
大安區,安和地區,2032,0.1634,0.0636,35206
大安區,安和地區,2033,0.1576,0.058,34286
大安區,安和地區,2034,0.1515,0.053,33415
大安區,安和地區,2035,0.146,0.049,32565
大安區,安和地區,2036,0.1412,0.0447,31712
大安區,安和地區,2037,0.1364,0.0428,30909
大安區,安和地區,2038,0.1306,0.0392,30108
大安區,安和地區,2039,0.1254,0.0374,29357
大安區,安和地區,2040,0.1179,0.0357,28598
大安區,安和地區,2041,0.1121,0.0326,27805
大安區,敦南地區,2022,0.1921,0.1363,39020
大安區,敦南地區,2023,0.1893,0.1296,37934
大安區,敦南地區,2024,0.1865,0.1232,36961
大安區,敦南地區,2025,0.1834,0.1163,35976
大安區,敦南地區,2026,0.1795,0.1092,35011
大安區,敦南地區,2027,0.1778,0.0997,34096
大安區,敦南地區,2028,0.1722,0.0943,33186
大安區,敦南地區,2029,0.1686,0.0849,32303
大安區,敦南地區,2030,0.1646,0.0773,31438
大安區,敦南地區,2031,0.1588,0.0688,30614
大安區,敦南地區,2032,0.1547,0.0616,29807
大安區,敦南地區,2033,0.1507,0.0554,29063
大安區,敦南地區,2034,0.145,0.0506,28283
大安區,敦南地區,2035,0.1403,0.0463,27528
大安區,敦南地區,2036,0.136,0.0433,26790
大安區,敦南地區,2037,0.1315,0.0401,26077
大安區,敦南地區,2038,0.1261,0.0379,25404
大安區,敦南地區,2039,0.1218,0.0367,24711
大安區,敦南地區,2040,0.1162,0.0348,24057
大安區,敦南地區,2041,0.1116,0.0311,23467
大安區,新生地區,2022,0.197,0.1257,32660
大安區,新生地區,2023,0.1944,0.12,31769
大安區,新生地區,2024,0.1917,0.1134,30952
大安區,新生地區,2025,0.1888,0.1087,30088
大安區,新生地區,2026,0.1843,0.1017,29297
大安區,新生地區,2027,0.1817,0.0929,28511
大安區,新生地區,2028,0.1781,0.0867,27743
大安區,新生地區,2029,0.174,0.0797,27038
大安區,新生地區,2030,0.1698,0.0723,26309
大安區,新生地區,2031,0.1649,0.066,25614
大安區,新生地區,2032,0.1595,0.06,24947
大安區,新生地區,2033,0.1557,0.0536,24283
大安區,新生地區,2034,0.151,0.0504,23681
大安區,新生地區,2035,0.1461,0.0455,23079
大安區,新生地區,2036,0.1416,0.0423,22490
大安區,新生地區,2037,0.1355,0.0415,21919
大安區,新生地區,2038,0.1292,0.0396,21376
大安區,新生地區,2039,0.1226,0.0397,20783
大安區,新生地區,2040,0.1181,0.0368,20227
大安區,新生地區,2041,0.1118,0.0356,19730
大安區,瑞安地區,2022,0.2035,0.1438,40918
大安區,瑞安地區,2023,0.2009,0.1386,39820
大安區,瑞安地區,2024,0.1989,0.1316,38782
大安區,瑞安地區,2025,0.1966,0.1245,37770
大安區,瑞安地區,2026,0.1933,0.1157,36811
大安區,瑞安地區,2027,0.1916,0.1051,35857
大安區,瑞安地區,2028,0.1877,0.0956,34914
大安區,瑞安地區,2029,0.1842,0.0854,34024
大安區,瑞安地區,2030,0.1792,0.0779,33133
大安區,瑞安地區,2031,0.1763,0.0689,32290
大安區,瑞安地區,2032,0.1712,0.0629,31411
大安區,瑞安地區,2033,0.1654,0.0574,30577
大安區,瑞安地區,2034,0.1601,0.0525,29764
大安區,瑞安地區,2035,0.1556,0.049,28970
大安區,瑞安地區,2036,0.1512,0.046,28219
大安區,瑞安地區,2037,0.1482,0.0433,27504
大安區,瑞安地區,2038,0.1424,0.0418,26879
大安區,瑞安地區,2039,0.1372,0.0416,26261
大安區,瑞安地區,2040,0.1323,0.0405,25618
大安區,瑞安地區,2041,0.1265,0.0389,24962
大安區,臥龍地區,2022,0.2124,0.1105,39424
大安區,臥龍地區,2023,0.2077,0.1076,38390
大安區,臥龍地區,2024,0.2039,0.1045,37418
大安區,臥龍地區,2025,0.1992,0.1022,36449
大安區,臥龍地區,2026,0.1926,0.0979,35513
大安區,臥龍地區,2027,0.1889,0.0942,34674
大安區,臥龍地區,2028,0.1837,0.0899,33777
大安區,臥龍地區,2029,0.1768,0.084,32946
大安區,臥龍地區,2030,0.1714,0.0769,32034
大安區,臥龍地區,2031,0.1649,0.0714,31232
大安區,臥龍地區,2032,0.1589,0.0654,30430
大安區,臥龍地區,2033,0.1511,0.061,29645
大安區,臥龍地區,2034,0.1454,0.0545,28911
大安區,臥龍地區,2035,0.1394,0.0499,28162
大安區,臥龍地區,2036,0.135,0.0446,27422
大安區,臥龍地區,2037,0.1278,0.0428,26747
大安區,臥龍地區,2038,0.1213,0.0395,26066
大安區,臥龍地區,2039,0.1138,0.0357,25398
大安區,臥龍地區,2040,0.1061,0.0346,24777
大安區,臥龍地區,2041,0.0991,0.0325,24160
文山區,二格山地區,2022,0.2025,0.1408,20207
文山區,二格山地區,2023,0.2034,0.1319,19938
文山區,二格山地區,2024,0.2004,0.1034,19262
文山區,二格山地區,2025,0.1926,0.1033,19029
文山區,二格山地區,2026,0.1935,0.093,18790
文山區,二格山地區,2027,0.1972,0.0833,18372
文山區,二格山地區,2028,0.198,0.0728,18121
文山區,二格山地區,2029,0.1971,0.0653,17187
文山區,二格山地區,2030,0.1902,0.0547,16770
文山區,二格山地區,2031,0.184,0.0523,17248
文山區,二格山地區,2032,0.181,0.0505,17353
文山區,二格山地區,2033,0.1728,0.0509,16972
文山區,二格山地區,2034,0.1738,0.0495,16712
文山區,二格山地區,2035,0.1655,0.0402,16311
文山區,二格山地區,2036,0.1709,0.0303,15654
文山區,二格山地區,2037,0.1733,0.031,15255
文山區,二格山地區,2038,0.1306,0.0302,15369
文山區,二格山地區,2039,0.1308,0.0303,15153
文山區,二格山地區,2040,0.1313,0.0301,14917
文山區,二格山地區,2041,0.1215,0.0306,14521
文山區,景美地區,2022,0.2193,0.1454,66256
文山區,景美地區,2023,0.2166,0.14,65213
文山區,景美地區,2024,0.2139,0.1333,64186
文山區,景美地區,2025,0.2108,0.1273,63187
文山區,景美地區,2026,0.2079,0.1177,62209
文山區,景美地區,2027,0.2072,0.1075,61283
文山區,景美地區,2028,0.2026,0.1008,60343
文山區,景美地區,2029,0.1977,0.0927,59354
文山區,景美地區,2030,0.1935,0.0853,58449
文山區,景美地區,2031,0.1883,0.0775,57519
文山區,景美地區,2032,0.1833,0.072,56625
文山區,景美地區,2033,0.1787,0.0667,55684
文山區,景美地區,2034,0.1732,0.0635,54747
文山區,景美地區,2035,0.1685,0.0595,53838
文山區,景美地區,2036,0.1637,0.058,52965
文山區,景美地區,2037,0.1584,0.057,52086
文山區,景美地區,2038,0.1527,0.0555,51191
文山區,景美地區,2039,0.1481,0.0539,50371
文山區,景美地區,2040,0.1427,0.0527,49619
文山區,景美地區,2041,0.1381,0.0508,48795
文山區,木柵地區,2022,0.2272,0.1125,83005
文山區,木柵地區,2023,0.2239,0.1091,81626
文山區,木柵地區,2024,0.2193,0.1055,80228
文山區,木柵地區,2025,0.2143,0.1032,78948
文山區,木柵地區,2026,0.2082,0.0997,77762
文山區,木柵地區,2027,0.2045,0.0941,76414
文山區,木柵地區,2028,0.1991,0.0907,75176
文山區,木柵地區,2029,0.1943,0.0861,73958
文山區,木柵地區,2030,0.1898,0.0812,72752
文山區,木柵地區,2031,0.1844,0.0759,71529
文山區,木柵地區,2032,0.1791,0.071,70661
文山區,木柵地區,2033,0.1737,0.0666,69519
文山區,木柵地區,2034,0.169,0.0629,68320
文山區,木柵地區,2035,0.1631,0.0602,67399
文山區,木柵地區,2036,0.1584,0.0579,66171
文山區,木柵地區,2037,0.1527,0.0575,65015
文山區,木柵地區,2038,0.1472,0.0549,63904
文山區,木柵地區,2039,0.1424,0.053,62833
文山區,木柵地區,2040,0.1364,0.0507,61685
文山區,木柵地區,2041,0.1318,0.0483,60619
文山區,興隆地區,2022,0.227,0.1094,60995
文山區,興隆地區,2023,0.2221,0.1068,60054
文山區,興隆地區,2024,0.2181,0.1025,59060
文山區,興隆地區,2025,0.2126,0.1011,58211
文山區,興隆地區,2026,0.2063,0.0983,57331
文山區,興隆地區,2027,0.2023,0.0926,56391
文山區,興隆地區,2028,0.1967,0.0901,55490
文山區,興隆地區,2029,0.1913,0.085,54585
文山區,興隆地區,2030,0.1857,0.081,53734
文山區,興隆地區,2031,0.1798,0.0765,52881
文山區,興隆地區,2032,0.1745,0.0702,51993
文山區,興隆地區,2033,0.168,0.0665,51241
文山區,興隆地區,2034,0.1627,0.0628,50381
文山區,興隆地區,2035,0.1569,0.0595,49532
文山區,興隆地區,2036,0.1515,0.0561,48758
文山區,興隆地區,2037,0.145,0.0547,47938
文山區,興隆地區,2038,0.1398,0.0523,47164
文山區,興隆地區,2039,0.1336,0.0502,46391
文山區,興隆地區,2040,0.1273,0.0471,45625
文山區,興隆地區,2041,0.122,0.0452,44869
文山區,萬芳地區,2022,0.2258,0.1028,19847
文山區,萬芳地區,2023,0.2244,0.1015,19627
文山區,萬芳地區,2024,0.2105,0.1,19089
文山區,萬芳地區,2025,0.2054,0.0993,18880
文山區,萬芳地區,2026,0.2021,0.0814,18601
文山區,萬芳地區,2027,0.2025,0.0811,18111
文山區,萬芳地區,2028,0.1957,0.0811,17980
文山區,萬芳地區,2029,0.1935,0.0768,17741
文山區,萬芳地區,2030,0.187,0.0732,17498
文山區,萬芳地區,2031,0.1868,0.0723,17019
文山區,萬芳地區,2032,0.165,0.0695,16780
文山區,萬芳地區,2033,0.1622,0.0647,16543
文山區,萬芳地區,2034,0.158,0.0619,16289
文山區,萬芳地區,2035,0.1534,0.0579,16074
文山區,萬芳地區,2036,0.1521,0.04,15597
文山區,萬芳地區,2037,0.1471,0.0392,15338
文山區,萬芳地區,2038,0.1442,0.0382,14877
文山區,萬芳地區,2039,0.1424,0.0366,14674
文山區,萬芳地區,2040,0.1175,0.0358,14465
文山區,萬芳地區,2041,0.1144,0.0329,13979
松山區,三民地區,2022,0.208,0.1321,41804
松山區,三民地區,2023,0.2031,0.1274,40941
松山區,三民地區,2024,0.2006,0.1216,40043
松山區,三民地區,2025,0.1967,0.1145,39171
松山區,三民地區,2026,0.1934,0.1043,38220
松山區,三民地區,2027,0.1908,0.0962,37470
松山區,三民地區,2028,0.1855,0.09,36673
松山區,三民地區,2029,0.182,0.0811,35776
松山區,三民地區,2030,0.1746,0.0748,35027
松山區,三民地區,2031,0.1701,0.0692,34268
松山區,三民地區,2032,0.164,0.0621,33395
松山區,三民地區,2033,0.1598,0.0567,32667
松山區,三民地區,2034,0.1551,0.0533,31999
松山區,三民地區,2035,0.148,0.0496,31359
松山區,三民地區,2036,0.1454,0.046,30511
松山區,三民地區,2037,0.1394,0.0448,29884
松山區,三民地區,2038,0.1327,0.0426,29183
松山區,三民地區,2039,0.1284,0.0422,28520
松山區,三民地區,2040,0.1238,0.04,27894
松山區,三民地區,2041,0.1174,0.0362,27312
松山區,中崙地區,2022,0.2148,0.1854,45154
松山區,中崙地區,2023,0.2129,0.1793,44145
松山區,中崙地區,2024,0.2105,0.1723,43230
松山區,中崙地區,2025,0.2087,0.1623,42343
松山區,中崙地區,2026,0.2066,0.1475,41781
松山區,中崙地區,2027,0.2072,0.1308,40890
松山區,中崙地區,2028,0.2054,0.1196,40035
松山區,中崙地區,2029,0.2028,0.1076,39156
松山區,中崙地區,2030,0.1983,0.098,38317
松山區,中崙地區,2031,0.1953,0.0873,37568
松山區,中崙地區,2032,0.1905,0.0785,36763
松山區,中崙地區,2033,0.1867,0.0705,35989
松山區,中崙地區,2034,0.1837,0.0636,35210
松山區,中崙地區,2035,0.1792,0.0598,34452
松山區,中崙地區,2036,0.1763,0.0562,33730
松山區,中崙地區,2037,0.1717,0.0544,32995
松山區,中崙地區,2038,0.1667,0.0521,32307
松山區,中崙地區,2039,0.1628,0.0517,31597
松山區,中崙地區,2040,0.1585,0.0507,30918
松山區,中崙地區,2041,0.1542,0.0504,30223
松山區,本鎮地區,2022,0.2162,0.0991,48831
松山區,本鎮地區,2023,0.2128,0.095,47682
松山區,本鎮地區,2024,0.208,0.0919,46576
松山區,本鎮地區,2025,0.2027,0.0896,45474
松山區,本鎮地區,2026,0.1975,0.0877,44368
松山區,本鎮地區,2027,0.1936,0.0836,43312
松山區,本鎮地區,2028,0.188,0.0803,42349
松山區,本鎮地區,2029,0.1826,0.0771,41361
松山區,本鎮地區,2030,0.1754,0.0741,40382
松山區,本鎮地區,2031,0.1686,0.0697,39425
松山區,本鎮地區,2032,0.1625,0.0651,38495
松山區,本鎮地區,2033,0.1565,0.0606,37680
松山區,本鎮地區,2034,0.1491,0.0575,36779
松山區,本鎮地區,2035,0.1435,0.0533,35878
松山區,本鎮地區,2036,0.1387,0.0492,35027
松山區,本鎮地區,2037,0.1313,0.0478,34170
松山區,本鎮地區,2038,0.123,0.0466,33393
松山區,本鎮地區,2039,0.1157,0.0427,32579
松山區,本鎮地區,2040,0.1085,0.0389,31772
松山區,本鎮地區,2041,0.101,0.0364,31030
松山區,東社地區,2022,0.2045,0.1452,51981
松山區,東社地區,2023,0.2,0.1388,50856
松山區,東社地區,2024,0.1974,0.1301,49627
松山區,東社地區,2025,0.1954,0.1243,48419
松山區,東社地區,2026,0.1923,0.1137,47433
松山區,東社地區,2027,0.1916,0.0996,46414
松山區,東社地區,2028,0.1883,0.0909,45513
松山區,東社地區,2029,0.1857,0.0795,44390
松山區,東社地區,2030,0.1791,0.0717,43394
松山區,東社地區,2031,0.1748,0.0642,42321
松山區,東社地區,2032,0.1698,0.059,41460
松山區,東社地區,2033,0.1648,0.054,40523
松山區,東社地區,2034,0.1604,0.0475,39387
松山區,東社地區,2035,0.1562,0.044,38530
松山區,東社地區,2036,0.1524,0.0413,37546
松山區,東社地區,2037,0.1436,0.0408,36718
松山區,東社地區,2038,0.1381,0.0392,35924
松山區,東社地區,2039,0.1334,0.037,35113
松山區,東社地區,2040,0.1281,0.0361,34253
松山區,東社地區,2041,0.1239,0.0339,33532
萬華區,大理地區,2022,0.2232,0.091,28058
萬華區,大理地區,2023,0.2188,0.0902,27393
萬華區,大理地區,2024,0.2134,0.0875,26739
萬華區,大理地區,2025,0.2074,0.0882,26154
萬華區,大理地區,2026,0.2009,0.086,25550
萬華區,大理地區,2027,0.1944,0.0839,24952
萬華區,大理地區,2028,0.1878,0.081,24382
萬華區,大理地區,2029,0.1802,0.0757,23789
萬華區,大理地區,2030,0.1733,0.0728,23232
萬華區,大理地區,2031,0.1666,0.0694,22667
萬華區,大理地區,2032,0.1592,0.0661,22168
萬華區,大理地區,2033,0.1515,0.0616,21669
萬華區,大理地區,2034,0.1435,0.0591,21178
萬華區,大理地區,2035,0.1364,0.0558,20621
萬華區,大理地區,2036,0.1284,0.0531,20132
萬華區,大理地區,2037,0.1218,0.0499,19620
萬華區,大理地區,2038,0.115,0.0462,19158
萬華區,大理地區,2039,0.1072,0.0425,18674
萬華區,大理地區,2040,0.0999,0.0404,18224
萬華區,大理地區,2041,0.0939,0.0372,17811
萬華區,東園地區,2022,0.2244,0.0936,24614
萬華區,東園地區,2023,0.2206,0.0907,24055
萬華區,東園地區,2024,0.2158,0.0873,23522
萬華區,東園地區,2025,0.2083,0.0878,23066
萬華區,東園地區,2026,0.2011,0.0878,22593
萬華區,東園地區,2027,0.1944,0.0827,22088
萬華區,東園地區,2028,0.1891,0.0809,21606
萬華區,東園地區,2029,0.1816,0.0759,21094
萬華區,東園地區,2030,0.1746,0.0723,20605
萬華區,東園地區,2031,0.1678,0.0699,20120
萬華區,東園地區,2032,0.162,0.0643,19611
萬華區,東園地區,2033,0.1534,0.0621,19207
萬華區,東園地區,2034,0.149,0.058,18719
萬華區,東園地區,2035,0.1433,0.0538,18355
萬華區,東園地區,2036,0.1375,0.0523,18027
萬華區,東園地區,2037,0.1297,0.0503,17630
萬華區,東園地區,2038,0.1237,0.0494,17250
萬華區,東園地區,2039,0.1191,0.0476,16814
萬華區,東園地區,2040,0.1128,0.0435,16469
萬華區,東園地區,2041,0.1047,0.0416,16062
萬華區,西園地區,2022,0.2285,0.0991,25983
萬華區,西園地區,2023,0.2237,0.0963,25441
萬華區,西園地區,2024,0.2191,0.0939,24895
萬華區,西園地區,2025,0.2137,0.0937,24335
萬華區,西園地區,2026,0.2055,0.0936,23831
萬華區,西園地區,2027,0.2015,0.0906,23316
萬華區,西園地區,2028,0.1948,0.0887,22836
萬華區,西園地區,2029,0.1884,0.0853,22334
萬華區,西園地區,2030,0.1804,0.0827,21856
萬華區,西園地區,2031,0.1738,0.0777,21386
萬華區,西園地區,2032,0.1654,0.0731,20893
萬華區,西園地區,2033,0.1581,0.0693,20432
萬華區,西園地區,2034,0.1516,0.0637,19948
萬華區,西園地區,2035,0.1448,0.0601,19502
萬華區,西園地區,2036,0.1384,0.0583,19062
萬華區,西園地區,2037,0.1322,0.0552,18612
萬華區,西園地區,2038,0.1242,0.0549,18231
萬華區,西園地區,2039,0.1194,0.0512,17810
萬華區,西園地區,2040,0.1147,0.0466,17383
萬華區,西園地區,2041,0.1069,0.0428,17001
萬華區,西門地區,2022,0.2124,0.0891,22135
萬華區,西門地區,2023,0.2057,0.0864,21615
萬華區,西門地區,2024,0.2002,0.0848,21119
萬華區,西門地區,2025,0.1938,0.084,20621
萬華區,西門地區,2026,0.1845,0.0851,20161
萬華區,西門地區,2027,0.1789,0.0825,19702
萬華區,西門地區,2028,0.171,0.0798,19234
萬華區,西門地區,2029,0.1631,0.0771,18908
萬華區,西門地區,2030,0.157,0.0715,18452
萬華區,西門地區,2031,0.1483,0.0668,18045
萬華區,西門地區,2032,0.14,0.0613,17606
萬華區,西門地區,2033,0.1321,0.0563,17183
萬華區,西門地區,2034,0.1247,0.0523,16796
萬華區,西門地區,2035,0.1179,0.0496,16406
萬華區,西門地區,2036,0.1104,0.0458,16015
萬華區,西門地區,2037,0.1036,0.0413,15630
萬華區,西門地區,2038,0.0976,0.0381,15290
萬華區,西門地區,2039,0.0903,0.0352,14923
萬華區,西門地區,2040,0.0839,0.0328,14611
萬華區,西門地區,2041,0.0778,0.0289,14253
萬華區,青年地區,2022,0.21,0.0857,33450
萬華區,青年地區,2023,0.2059,0.0824,32651
萬華區,青年地區,2024,0.2007,0.0808,31887
萬華區,青年地區,2025,0.1952,0.0808,31142
萬華區,青年地區,2026,0.1892,0.0787,30448
萬華區,青年地區,2027,0.1836,0.0753,29714
萬華區,青年地區,2028,0.1774,0.0733,29024
萬華區,青年地區,2029,0.1709,0.0712,28369
萬華區,青年地區,2030,0.1659,0.0676,27740
萬華區,青年地區,2031,0.1587,0.0635,27086
萬華區,青年地區,2032,0.1517,0.06,26482
萬華區,青年地區,2033,0.1453,0.0554,25873
萬華區,青年地區,2034,0.1395,0.0519,25282
萬華區,青年地區,2035,0.1331,0.0479,24713
萬華區,青年地區,2036,0.1277,0.0455,24119
萬華區,青年地區,2037,0.1199,0.044,23561
萬華區,青年地區,2038,0.1125,0.0419,23005
萬華區,青年地區,2039,0.1055,0.04,22481
萬華區,青年地區,2040,0.0979,0.0383,21962
萬華區,青年地區,2041,0.0905,0.0337,21446
萬華區,龍山地區,2022,0.2141,0.0793,29734
萬華區,龍山地區,2023,0.2077,0.0769,29087
萬華區,龍山地區,2024,0.2031,0.0757,28399
萬華區,龍山地區,2025,0.1981,0.0759,27775
萬華區,龍山地區,2026,0.191,0.0735,27125
萬華區,龍山地區,2027,0.1845,0.07,26504
萬華區,龍山地區,2028,0.1762,0.068,25862
萬華區,龍山地區,2029,0.169,0.0663,25545
萬華區,龍山地區,2030,0.161,0.0647,24918
萬華區,龍山地區,2031,0.1537,0.06,24347
萬華區,龍山地區,2032,0.1453,0.0586,23759
萬華區,龍山地區,2033,0.137,0.0567,23232
萬華區,龍山地區,2034,0.129,0.0527,22626
萬華區,龍山地區,2035,0.1199,0.0498,22123
萬華區,龍山地區,2036,0.1133,0.0452,21548
萬華區,龍山地區,2037,0.1061,0.0446,21082
萬華區,龍山地區,2038,0.097,0.0412,20561
萬華區,龍山地區,2039,0.0913,0.0383,20072
萬華區,龍山地區,2040,0.0831,0.0349,19620
萬華區,龍山地區,2041,0.0764,0.0305,19174
